A,A,A,A,A,A,A,A,B,B,B,B,B,B,A,A,A,A,A,A,A,A,A,A
A,A,A,A,A,A,B,B,E,E,E,D,D,H,B,B,A,A,A,A,A,A,A,A
A,A,A,A,A,B,E,E,E,D,D,D,D,D,H,H,B,A,A,A,A,A,A,A
A,A,A,A,B,E,E,D,D,D,D,D,D,D,D,H,H,B,A,A,A,A,A,A
A,A,A,B,E,E,D,D,D,D,D,D,D,D,D,D,H,H,B,A,A,A,A,A
A,A,A,B,E,D,D,D,D,D,D,D,D,D,D,D,D,H,H,B,A,A,A,A
A,A,B,E,D,B,E,D,D,D,D,D,D,D,D,D,D,D,H,B,A,A,A,A
A,A,B,E,D,B,E,D,D,D,D,B,B,B,B,B,B,B,B,B,B,A,A,A
A,B,B,E,B,E,D,D,B,B,B,C,C,C,C,C,C,C,C,C,B,A,A,A
B,C,C,B,B,E,B,B,C,C,C,C,C,C,C,C,C,C,C,C,C,B,A,A
B,C,C,C,B,B,C,C,C,C,C,C,C,C,C,C,C,C,C,C,C,B,A,A
B,C,C,C,B,C,C,C,C,C,C,C,C,C,C,C,C,C,C,C,C,B,A,A
A,B,B,B,A,B,C,C,C,B,B,B,B,B,B,B,B,B,B,B,B,A,A,A
A,A,A,A,A,B,C,B,B,F,F,F,F,F,B,B,F,F,F,F,F,B,B,A
A,A,A,A,B,B,B,B,B,G,G,G,F,G,B,B,B,G,G,F,G,G,B,A
A,A,A,A,B,F,C,C,B,G,G,G,F,G,B,C,B,G,G,F,G,G,B,A
A,A,A,A,B,F,C,C,B,G,G,G,G,G,B,C,B,G,G,G,G,G,B,A
A,A,A,A,B,F,C,C,C,B,B,B,B,B,C,C,C,B,B,B,B,B,A,A
A,A,A,A,B,F,C,C,C,C,C,C,C,C,C,I,I,I,I,C,C,B,A,A
A,A,A,A,B,F,C,C,C,C,C,C,C,C,I,I,J,J,I,I,I,B,A,A
A,A,A,A,B,F,C,C,C,C,C,C,C,C,I,I,J,I,I,J,J,I,I,B
A,A,A,A,A,B,F,C,C,C,B,C,C,C,C,I,I,I,I,I,I,I,I,I
A,A,A,A,A,B,F,C,C,C,C,B,C,C,C,C,C,C,C,C,C,B,A,A
A,A,A,A,A,A,B,F,C,C,C,C,B,B,B,B,B,C,C,C,B,A,A,A
A,A,A,A,A,B,F,B,F,F,C,C,C,C,C,C,C,C,C,B,A,A,A,A
A,A,A,A,B,F,C,C,B,B,F,F,F,F,F,C,C,B,B,B,A,A,A,A
A,A,A,B,F,C,C,C,C,C,B,B,B,B,B,B,B,C,C,C,B,A,A,A
A,A,A,B,F,C,C,C,C,C,C,C,C,C,C,C,C,C,C,C,C,B,A,A
