A,A,A,A,A,A,A,A,A,A,A,A,A,A,A,A,A,A,A,A,A,A,A,A,A,A,A
A,A,A,A,A,A,A,B,B,B,B,A,A,A,A,A,A,A,A,A,A,A,A,A,A,A,A
A,A,A,A,A,A,B,C,C,C,C,B,A,A,A,A,A,A,A,A,A,A,A,A,A,A,A
A,A,A,A,A,B,C,C,C,C,C,C,B,A,A,A,A,A,A,A,A,A,A,A,A,A,A
A,A,A,A,B,C,C,C,C,C,C,C,C,B,A,A,A,A,A,A,A,A,A,A,A,A,A
A,A,B,B,C,C,C,C,C,B,J,C,C,B,A,A,A,A,A,A,A,A,A,A,A,A,A
A,A,A,B,B,B,B,C,C,B,E,C,C,F,B,A,A,A,A,A,A,A,A,A,A,A,A
A,A,A,A,A,B,C,C,C,C,C,C,F,F,B,A,A,A,A,A,A,A,A,A,A,A,A
A,A,A,A,B,F,F,C,C,C,C,F,F,F,C,B,A,A,A,A,A,A,A,A,A,A,A
A,A,A,A,B,F,F,F,F,F,F,F,C,C,C,H,B,A,A,A,A,A,A,A,A,A,A
A,A,A,B,F,F,F,F,F,F,F,C,C,C,H,H,C,B,A,A,A,A,A,A,A,A,A
A,A,A,B,F,F,F,F,F,F,B,C,C,H,H,C,C,I,B,A,A,A,A,A,A,A,A
A,A,A,B,F,F,F,F,F,F,B,C,H,H,C,C,I,I,C,B,A,A,A,A,A,A,A
A,A,A,B,F,F,F,F,F,F,B,H,H,C,C,I,I,C,C,C,B,A,A,A,A,A,A
A,A,A,B,E,F,F,F,F,F,F,B,C,C,I,I,C,C,C,C,D,B,A,A,A,A,A
A,A,A,B,E,F,F,F,F,F,F,F,B,B,I,C,C,C,C,D,D,C,B,A,A,A,A
A,A,A,A,B,E,F,F,F,F,F,F,F,F,B,B,B,C,D,D,C,C,C,B,A,A,A
A,A,A,A,B,E,E,F,F,F,F,F,F,F,F,F,F,B,B,B,B,B,B,B,B,A,A
A,A,A,A,A,B,E,E,E,E,F,F,F,F,F,F,E,E,E,E,E,B,C,B,A,A,A
A,A,A,A,A,A,B,E,E,E,E,E,E,E,E,E,E,E,B,B,B,B,B,C,B,A,A
A,A,A,A,A,A,A,B,B,E,E,E,E,E,E,E,B,B,A,A,A,A,A,B,C,B,A
A,A,A,A,A,A,A,A,A,B,B,B,B,B,B,B,A,A,A,A,A,A,A,A,B,B,A
A,A,A,A,A,A,A,A,A,A,B,A,A,A,B,A,A,A,A,A,A,A,A,A,A,A,A
A,A,A,A,A,G,G,G,G,B,B,B,G,B,B,B,G,G,G,G,G,A,A,A,A,A,A
A,A,A,A,G,G,G,G,B,G,G,G,B,G,G,G,G,G,G,G,G,G,A,A,A,A,A
A,A,A,A,A,A,A,G,G,G,G,G,G,G,G,G,G,G,A,A,A,A,A,A,A,A,A
A,A,A,A,A,A,A,A,A,A,A,A,A,A,A,A,A,A,A,A,A,A,A,A,A,A,A
