A,A,A,A,A,A,A,A,A,A,A,A,A,A,A,A,A,A,A,A,A,F,F,F,F,F,A,A,A,A
A,A,A,A,A,A,A,A,A,A,A,A,A,A,A,A,A,A,A,F,F,G,G,G,G,G,F,A,A,A
A,A,A,A,A,A,F,F,A,A,A,A,F,F,F,A,A,A,F,G,G,G,E,E,C,C,G,F,A,A
A,A,A,A,A,F,E,F,A,A,A,F,E,E,E,F,F,F,F,F,F,G,G,E,E,C,C,F,A,A
A,A,A,A,A,F,E,F,A,A,A,F,F,E,E,E,E,F,E,E,E,F,F,G,G,F,E,E,F,A
A,A,A,A,F,E,F,A,A,A,F,E,F,F,H,H,H,F,E,B,B,E,E,F,F,E,F,H,F,A
A,A,A,A,F,E,F,A,A,F,E,H,F,A,F,H,H,H,F,B,B,B,B,E,H,F,F,H,H,F
A,A,A,F,E,F,F,F,F,E,H,F,A,A,A,F,H,F,F,F,B,B,B,B,B,H,H,F,H,F
A,A,A,F,E,E,H,F,E,H,F,F,F,A,A,F,F,H,H,F,F,B,B,B,B,B,B,H,F,F
A,A,F,E,E,E,E,E,E,F,H,H,H,F,F,H,H,H,H,H,B,F,B,B,B,B,B,B,H,F
A,A,F,E,E,E,E,E,H,H,H,H,H,H,H,H,E,E,E,E,B,B,B,B,B,F,F,F,F,F
A,A,F,E,E,E,E,F,H,H,F,F,H,H,E,E,E,E,E,E,E,F,E,F,F,H,H,H,H,F
A,F,H,H,E,E,F,D,H,H,F,A,F,H,H,E,E,F,E,F,E,F,H,H,H,F,H,H,F,A
F,E,E,H,H,F,F,I,H,F,A,A,A,F,H,H,F,D,F,E,H,F,H,H,H,F,H,H,F,A
F,E,E,E,H,H,H,F,F,A,A,A,F,H,F,F,E,E,E,H,F,H,H,H,H,H,F,F,A,A
A,F,H,E,H,F,F,A,A,A,A,A,F,H,H,F,D,H,H,F,H,H,H,H,H,H,F,A,A,A
A,A,F,F,F,A,A,A,A,A,A,A,A,F,H,H,F,F,F,H,F,E,E,H,H,H,F,A,A,A
A,A,A,A,A,A,A,A,A,A,A,A,F,H,F,F,C,C,C,F,E,E,E,H,H,F,A,A,A,A
A,A,A,A,A,A,A,A,A,A,A,A,F,F,F,F,F,F,C,F,E,E,H,H,H,F,A,A,A,A
A,A,A,A,A,A,A,A,A,A,A,A,A,A,A,A,A,A,F,F,F,H,H,H,F,A,A,A,A,A
A,A,A,A,A,A,A,A,A,A,A,A,A,A,A,A,A,A,A,F,D,H,D,H,F,A,A,A,A,A
A,A,A,A,A,A,A,A,A,A,A,A,A,A,A,A,A,A,A,A,F,F,F,F,A,A,A,A,A,A
