A,A,A,A,A,A,A,A,A,A,G,G,G,G,F,F,A,A,A,A,A,A,A,A,A,A,A,A,A,A,A,A,A,A,A,A
A,A,A,A,A,A,A,A,G,G,H,H,H,H,H,H,F,F,A,A,A,A,A,A,A,A,A,A,A,A,A,A,A,A,A,A
A,A,A,A,A,A,A,G,G,H,H,H,H,H,H,H,H,H,F,A,A,A,A,A,A,A,A,A,A,A,A,A,A,A,A,A
A,A,A,A,A,A,A,F,H,H,H,H,H,H,H,H,H,H,H,F,A,A,A,A,A,A,A,A,A,A,A,A,A,A,A,A
A,A,A,A,A,A,F,H,H,H,H,H,H,H,H,H,H,H,H,H,F,A,A,A,A,A,A,A,A,A,A,A,A,A,A,A
A,A,A,A,A,A,F,H,H,H,H,H,H,H,H,H,H,H,H,H,F,A,A,A,A,A,A,A,A,A,A,A,A,A,A,A
A,A,A,A,A,F,H,H,H,H,H,H,H,H,G,G,G,H,H,H,H,F,A,A,A,A,A,A,A,A,A,A,A,A,A,A
A,A,A,A,A,F,D,H,H,H,H,H,H,G,B,C,C,H,H,H,H,B,A,A,A,A,A,A,A,A,A,A,A,A,A,A
A,A,A,A,A,F,C,H,H,H,H,H,H,B,B,B,C,F,H,H,H,B,A,A,A,A,A,A,A,A,A,A,A,A,A,A
A,A,A,A,A,F,D,H,H,H,H,H,H,B,B,D,C,F,H,H,H,B,A,A,A,A,A,A,A,A,A,A,A,A,A,A
A,A,A,A,A,F,B,H,H,H,H,H,H,C,B,D,C,H,H,H,H,B,A,A,A,A,A,A,A,A,A,A,A,A,A,A
A,A,A,A,F,H,H,H,H,H,H,H,H,D,B,D,C,H,H,H,H,B,A,A,A,A,A,A,A,A,A,A,A,A,A,A
A,A,A,A,B,H,H,G,G,G,H,H,H,H,H,H,H,H,H,H,H,B,A,A,A,A,A,A,A,A,A,A,A,A,A,A
A,A,A,A,A,B,G,H,H,H,H,H,H,H,H,F,F,H,H,H,B,A,H,H,F,F,F,A,A,A,A,A,A,A,A,A
A,G,A,G,A,A,B,B,H,H,F,F,F,F,F,D,D,H,H,H,G,H,H,H,G,G,G,B,A,A,A,A,A,A,A,A
A,F,H,G,G,B,B,G,B,B,D,E,E,E,D,D,H,H,H,B,G,H,H,H,F,G,B,A,A,A,A,A,A,A,A,A
G,H,H,H,G,G,G,B,G,G,D,D,D,D,G,G,G,G,B,G,H,H,H,F,F,B,B,A,A,A,A,A,A,A,A,A
F,H,H,H,H,H,H,G,B,G,G,G,G,G,G,B,B,B,H,H,H,H,G,G,G,B,A,A,A,A,A,A,A,A,A,A
A,F,F,H,H,H,H,G,G,G,B,B,B,B,B,I,I,F,F,H,H,H,G,G,B,B,A,A,A,A,A,A,A,A,A,A
A,A,F,F,F,G,G,G,G,E,I,I,I,I,I,I,E,F,H,H,H,G,G,B,B,A,A,A,A,F,F,F,F,A,A,A
A,A,A,F,F,G,G,G,E,E,I,I,I,E,E,E,E,E,G,G,G,G,B,B,D,A,A,A,F,F,H,H,H,F,A,A
A,A,A,A,A,B,B,E,E,C,E,E,E,E,I,I,I,E,G,G,G,G,B,E,E,D,F,F,F,H,H,H,H,H,F,A
A,A,A,A,A,A,A,E,C,I,I,I,C,C,C,I,I,E,I,B,B,B,C,E,E,D,F,H,H,H,H,H,H,H,H,F
A,A,A,A,A,A,A,E,C,C,I,I,C,C,C,I,E,I,I,I,D,C,C,E,E,B,G,G,H,H,H,F,H,H,G,B
A,A,A,A,A,A,A,E,E,C,E,E,C,C,I,E,E,I,I,I,E,C,C,E,B,B,G,G,G,H,F,H,F,H,G,B
A,A,A,A,A,A,A,E,E,E,E,E,E,I,E,E,E,I,I,I,E,E,C,E,E,D,G,G,G,F,H,H,H,F,G,B
A,A,A,A,A,A,A,E,C,I,E,E,I,I,E,E,E,I,I,I,E,D,C,C,E,B,G,G,B,G,G,H,G,G,B,A
A,A,A,A,A,A,F,E,C,C,I,I,C,C,I,I,E,E,I,F,F,F,F,C,E,B,G,G,B,G,G,G,G,G,B,A
A,A,A,A,A,F,H,H,E,I,I,I,C,C,C,I,I,E,F,H,H,H,F,F,C,B,G,G,G,B,B,G,G,B,A,A
A,A,A,A,F,H,H,H,E,I,E,E,E,I,I,I,I,F,H,H,H,H,H,F,F,G,G,G,G,G,B,B,B,A,A,A
A,A,A,A,F,H,H,H,H,E,E,E,E,E,E,I,I,F,H,H,H,H,H,H,B,G,G,G,G,B,B,A,A,A,A,A
A,A,A,A,F,H,H,H,H,H,D,I,I,I,E,E,E,F,H,H,H,H,H,G,G,B,B,B,B,A,A,A,A,A,A,A
A,A,A,A,B,F,H,H,H,G,G,D,D,I,I,I,E,B,F,H,H,H,G,G,G,B,A,A,A,A,A,A,A,A,A,A
A,A,A,A,A,B,H,H,G,G,G,G,B,D,B,B,B,B,F,H,H,G,G,G,G,B,A,A,A,A,A,A,A,A,A,A
A,A,A,A,A,F,G,G,G,G,G,B,B,A,A,A,A,A,B,F,F,G,G,G,G,B,A,A,A,A,A,A,A,A,A,A
A,A,A,A,F,F,F,F,G,G,B,B,A,A,A,A,A,A,A,B,F,G,G,G,G,F,B,A,A,A,A,A,A,A,A,A
A,A,A,A,A,B,B,A,B,B,A,A,A,A,A,A,A,A,A,B,F,F,B,F,F,B,B,A,A,A,A,A,A,A,A,A
A,A,A,A,A,A,A,A,A,A,A,A,A,A,A,A,A,A,A,A,B,B,A,B,B,A,A,A,A,A,A,A,A,A,A,A
