A,A,A,A,A,A,A,A,A,G,G,E,E,E,A,A,A,A,A,A,A,A,A,A,A,A,A,A,A,A,A,A,A,A,A,A,A,A
A,A,A,A,A,A,A,G,G,F,F,F,F,F,E,E,A,A,A,A,A,A,A,A,A,A,A,A,A,A,A,A,A,A,A,A,A,A
A,A,A,A,A,A,G,I,F,F,F,F,F,F,F,F,D,A,A,A,A,A,A,A,A,A,A,A,A,A,A,A,A,A,A,A,A,A
A,A,A,A,A,G,I,I,I,F,F,F,F,F,F,F,D,A,A,A,A,A,A,A,A,A,A,A,A,A,A,A,A,A,A,A,A,A
A,A,A,A,A,G,I,I,I,F,F,F,F,F,F,F,F,D,A,A,A,A,A,A,A,A,A,A,A,A,A,A,A,A,A,A,A,A
A,A,A,A,G,F,F,I,F,F,F,F,F,G,F,F,F,D,A,A,A,A,A,A,A,A,A,A,A,A,A,A,A,A,A,A,A,A
A,A,A,A,G,F,F,F,F,F,F,F,F,F,F,F,F,G,D,A,A,A,A,A,A,A,A,A,A,A,A,A,A,A,A,A,A,A
A,A,A,A,B,G,F,F,F,F,F,F,F,F,B,B,G,G,D,A,A,A,A,A,A,A,A,A,A,A,A,A,A,A,A,A,A,A
A,A,A,A,C,G,F,F,F,F,F,F,F,B,B,B,E,G,D,A,A,A,A,A,A,A,A,A,A,A,A,A,A,A,A,A,A,A
A,A,A,A,H,F,F,F,F,F,F,F,F,H,B,C,E,G,D,A,A,A,A,A,A,A,A,A,A,A,A,A,A,A,A,A,A,A
A,A,A,A,D,F,F,F,F,F,F,F,F,H,B,C,E,G,D,A,A,A,A,A,A,A,A,A,A,A,A,A,E,A,A,A,A,A
A,A,A,E,D,F,F,F,F,F,F,F,F,E,C,C,G,G,D,A,A,A,A,A,A,A,A,A,A,A,A,A,E,I,A,A,A,A
A,A,A,E,I,I,I,F,F,F,F,F,F,F,G,G,G,G,D,A,A,A,A,A,A,A,A,A,A,A,A,A,E,I,A,A,A,A
A,A,A,E,I,I,F,F,G,F,F,F,F,G,G,E,G,G,D,A,A,A,A,A,A,A,A,A,A,A,A,E,F,I,A,A,A,A
A,A,A,A,E,F,F,F,F,F,F,G,G,E,E,G,G,D,A,A,A,A,A,A,E,E,A,A,A,A,A,E,I,I,A,A,A,A
A,A,A,A,D,D,F,F,F,F,E,E,D,G,G,G,G,D,A,A,E,E,E,E,G,D,A,A,A,A,A,E,F,I,I,E,A,A
A,E,E,A,A,A,D,D,D,D,E,E,E,G,G,G,G,E,E,E,F,F,F,F,G,D,A,A,A,A,A,E,I,E,I,A,A,A
A,D,G,E,E,E,D,G,G,E,E,E,G,G,D,G,G,F,F,F,F,F,G,G,G,G,D,A,A,A,E,E,E,E,I,I,E,A
A,D,G,F,F,F,G,D,D,F,F,G,D,D,G,G,G,G,F,F,G,G,G,G,D,D,A,A,A,A,E,E,I,E,E,I,I,E
D,G,G,G,F,F,G,G,G,D,D,D,G,G,G,G,G,G,G,G,G,G,G,D,A,A,A,A,A,A,E,I,I,E,I,I,I,E
A,D,D,G,G,G,G,G,G,G,G,G,G,G,G,G,G,G,G,G,G,D,D,A,A,A,A,A,A,A,E,F,I,I,I,I,I,E
A,A,A,D,D,G,G,G,G,E,G,F,F,F,G,G,G,G,G,G,D,A,A,A,A,A,A,A,A,A,E,F,F,F,F,I,F,E
A,A,A,A,A,D,D,G,G,E,F,F,F,F,F,G,G,F,F,D,A,A,A,A,A,A,A,A,A,A,A,E,F,E,F,F,E,E
A,A,A,A,A,A,A,D,E,G,I,I,I,I,I,F,F,F,F,D,A,A,A,A,A,A,A,A,A,A,A,A,E,E,E,E,E,A
A,A,A,A,A,A,A,A,E,I,I,I,I,I,I,I,F,F,F,A,D,A,A,A,A,A,A,A,A,A,A,A,A,E,E,E,A,A
A,A,A,A,A,A,A,A,E,I,I,I,I,I,I,I,F,F,F,F,D,A,A,A,A,A,A,A,A,A,A,A,A,E,F,D,A,A
A,A,A,A,A,A,A,A,E,I,I,I,I,I,I,I,F,F,F,F,F,D,A,A,A,A,A,A,A,A,A,A,A,E,F,D,A,A
A,A,A,A,A,A,A,E,I,I,I,I,I,I,I,I,F,F,F,F,F,D,A,A,A,A,A,A,A,A,A,A,E,F,F,D,A,A
A,A,A,A,A,A,A,E,I,I,I,I,I,I,I,I,I,F,F,F,F,D,A,A,A,A,A,A,A,A,E,E,F,F,G,D,A,A
A,A,A,A,A,A,E,E,I,I,I,I,I,I,I,I,I,G,F,F,F,F,D,A,A,A,A,E,E,E,F,F,F,G,D,A,A,A
A,A,A,A,A,E,F,G,I,I,I,I,I,I,I,I,I,G,F,F,F,F,G,D,E,E,E,F,F,F,F,F,G,F,D,A,A,J
A,A,A,A,A,E,F,F,G,I,I,I,I,I,F,F,G,F,F,F,F,F,F,D,G,G,G,G,F,F,G,F,F,D,A,A,A,J
A,A,A,A,D,F,F,F,E,F,F,F,F,F,F,F,G,F,F,F,F,F,F,G,D,G,G,G,G,G,F,F,D,A,A,A,J,J
A,A,A,A,D,F,F,F,F,D,F,F,F,F,F,F,G,F,F,F,F,F,G,G,D,G,G,G,F,F,F,D,A,A,A,A,J,J
A,A,A,A,D,F,F,F,F,G,D,F,F,F,F,F,E,G,F,F,F,G,G,G,D,F,F,F,F,D,D,A,A,A,A,J,J,A
A,A,A,A,A,D,F,F,F,G,G,D,D,F,F,F,E,G,G,G,G,G,G,G,D,F,F,E,E,A,A,A,A,A,J,J,J,A
A,A,A,A,J,J,D,G,G,G,G,G,G,D,D,D,D,E,G,G,G,G,G,D,E,E,E,A,A,A,A,A,A,J,J,J,A,A
A,A,J,J,J,J,D,G,G,G,G,D,D,J,J,J,J,J,E,G,G,G,G,D,J,J,J,J,A,A,J,J,J,J,J,J,A,A
A,A,J,J,J,D,G,G,G,G,G,D,J,J,J,J,J,J,E,F,F,F,G,D,J,J,J,J,J,J,J,J,J,J,J,A,A,A
A,J,J,J,D,H,E,H,G,G,D,J,J,J,J,J,J,J,E,G,F,F,F,G,D,J,J,J,J,J,J,J,J,A,A,A,A,A
A,J,J,J,J,D,D,D,D,D,J,J,J,J,J,J,J,J,J,D,H,E,H,E,H,D,J,J,J,J,J,J,A,A,A,A,A,A
A,A,J,J,J,J,J,J,J,J,J,J,J,J,J,J,J,J,J,J,D,D,D,D,D,D,J,J,J,A,A,A,A,A,A,A,A,A
