A,A,A,B,B,A,J,I,I,A,J,J,A,A,A,J,A,A,J,J,A,A,A,J,A,B,B,B,A,A
A,A,B,C,B,A,A,I,J,A,A,A,J,A,A,J,A,A,J,A,A,J,J,A,A,B,C,B,A,A
A,A,B,C,B,A,A,A,A,A,A,A,A,J,A,J,A,J,A,A,I,A,A,A,A,B,C,C,B,A
A,B,C,B,A,A,B,A,A,A,J,A,A,A,J,J,J,A,A,A,I,I,B,B,A,A,B,C,B,A
B,C,C,B,A,B,C,B,A,A,A,A,A,A,J,J,J,A,A,A,A,A,B,C,B,A,B,C,C,B
B,C,C,B,A,B,C,B,A,A,A,A,A,J,J,J,A,J,A,A,A,A,B,C,C,B,B,C,C,B
B,C,C,B,B,C,B,A,A,A,A,J,J,A,A,J,A,A,J,J,A,A,A,B,C,B,B,C,C,B
A,B,C,C,C,C,B,A,A,A,B,A,A,A,A,J,A,A,A,A,B,A,A,A,B,C,C,C,B,A
A,A,B,C,C,C,B,B,A,B,C,B,A,A,A,A,A,A,A,B,C,B,B,B,C,C,C,B,A,A
J,A,A,B,C,C,C,C,B,B,C,B,A,A,B,B,A,A,A,B,C,B,C,C,C,C,B,A,A,A
A,A,A,A,B,B,B,C,C,C,C,B,A,B,J,J,B,A,A,B,C,C,C,C,B,B,A,A,A,A
A,B,B,B,A,A,B,B,C,C,C,B,B,J,J,J,J,B,A,B,C,C,B,B,A,A,B,B,B,A
B,D,D,D,B,B,A,A,B,C,C,B,B,J,J,J,J,J,B,C,C,B,A,A,B,B,D,D,D,B
B,D,D,D,D,D,B,A,B,B,B,B,E,J,J,J,J,J,J,B,B,B,A,A,B,D,D,D,D,B
B,D,E,B,D,D,B,A,A,B,D,D,D,E,J,J,J,J,D,D,B,B,A,B,D,D,B,B,D,B
B,C,E,E,B,D,D,B,B,D,D,D,D,D,E,E,E,D,D,D,D,D,B,D,D,B,B,E,E,B
B,C,E,E,E,B,D,D,D,D,D,D,D,D,D,E,D,D,D,D,D,D,B,D,B,C,E,E,C,B
A,B,C,E,E,E,B,D,D,J,J,J,D,D,D,D,D,D,D,J,J,J,D,B,B,E,E,C,B,A
A,A,B,C,C,C,B,D,J,J,J,J,J,D,D,D,D,D,J,J,J,J,J,D,C,C,C,B,A,A
A,A,A,B,B,B,D,J,J,B,B,J,J,J,D,D,D,J,J,B,B,J,J,D,B,B,B,A,A,A
J,A,A,A,A,B,D,J,B,J,B,J,J,J,D,D,D,J,J,B,J,B,J,D,B,A,A,A,A,J
A,A,A,I,A,B,D,B,B,J,B,J,J,J,D,D,D,J,J,B,J,B,B,D,B,A,A,I,A,A
A,A,A,A,A,B,D,B,B,B,B,J,J,J,F,F,F,J,J,B,B,B,B,D,B,A,A,A,A,A
A,A,A,A,A,B,D,B,B,B,B,J,J,F,J,J,J,F,J,B,B,B,B,D,B,A,A,A,A,A
J,A,A,A,A,B,J,J,B,B,J,J,G,F,F,J,J,J,F,J,B,B,J,J,B,A,A,A,A,A
A,A,A,A,B,J,J,J,J,J,J,J,G,G,F,F,F,F,F,J,J,J,J,J,J,B,A,A,A,A
I,I,A,B,J,J,J,J,G,G,J,J,J,G,G,F,F,F,J,J,J,G,G,J,J,J,B,A,I,I
I,I,A,B,E,E,J,J,G,J,J,J,J,J,G,G,G,J,J,J,J,J,G,J,J,J,B,A,I,A
A,A,A,A,B,E,J,J,J,J,B,J,J,J,J,J,J,J,J,J,B,J,J,J,J,B,A,A,A,A
J,A,A,A,B,E,E,J,J,J,J,B,J,J,J,B,J,J,J,B,J,J,J,J,J,B,A,A,A,I
A,A,J,A,A,B,E,E,J,J,J,J,B,J,J,B,J,J,B,J,J,J,J,J,B,A,A,J,A,A
A,A,A,A,A,B,B,E,E,J,J,J,J,B,B,B,B,B,J,J,J,J,B,B,B,A,A,A,A,A
J,J,A,A,A,B,F,B,B,E,E,E,J,J,J,J,J,J,E,E,B,B,F,F,F,B,A,A,I,I
A,A,A,A,B,F,H,H,F,B,B,B,E,E,E,E,E,E,B,B,H,H,H,F,F,B,A,A,A,A
J,A,A,A,B,F,H,F,F,F,F,H,B,B,B,B,B,B,F,F,H,H,H,H,F,F,B,A,A,A
